name,latitude,longitude
Ackley,42.55170,-93.05227
Ackworth,41.36694,-93.47271
Adair,41.50015,-94.64295
Adel,41.61443,-94.01745
Afton,41.02749,-94.19801
Agency,40.99502,-92.30685
Ainsworth,41.28891,-91.55238
Akron,42.82888,-96.55948
Albert City,42.78192,-94.94860
Albia,41.02667,-92.80575
Albion,42.11249,-92.98853
Alburnett,42.14833,-91.61851
Alden,42.52026,-93.37604
Alexander,42.80580,-93.47659
Algona,43.06997,-94.23302
Alleman,41.81999,-93.61161
Allerton,40.70640,-93.36521
Allison,42.75275,-92.79519
Alta,42.67359,-95.29055
Alta Vista,43.19858,-92.41712
Alton,42.98749,-96.01057
Altoona,41.64416,-93.46466
Alvord,43.34220,-96.30114
Amana,41.80001,-91.87073
Ames,42.03471,-93.61994
Anamosa,42.10834,-91.28516
Anderson,40.80139,-95.60416
Andover,41.97919,-90.25180
Andrew,42.15363,-90.59235
Anita,41.44527,-94.76470
Ankeny,41.72971,-93.60577
Anthon,42.38832,-95.86668
Aplington,42.58415,-92.88436
Arcadia,42.08721,-95.04610
Archer,43.11526,-95.74585
Aredale,42.83303,-93.00547
Arion,41.94916,-95.46361
Arispe,40.94944,-94.21912
Arlington,42.74915,-91.67127
Armstrong,43.39607,-94.47831
Arnolds Park,43.37274,-95.12388
Arthur,42.33471,-95.34750
Asbury,42.51445,-90.75152
Ashton,43.31136,-95.79113
Aspinwall,41.91193,-95.13555
Atalissa,41.57114,-91.16599
Athelstan,40.57224,-94.54220
Atkins,41.99694,-91.86213
Atlantic,41.40360,-95.01388
Auburn,42.25137,-94.87776
Audubon,41.71804,-94.93249
Aurelia,42.71276,-95.43667
Aurora,42.61887,-91.72850
Avoca,41.47666,-95.33805
Ayrshire,43.03913,-94.83276
Badger,42.61441,-94.14607
Bagley,41.84610,-94.42997
Baldwin,42.07418,-90.84153
Balltown,42.63805,-90.86874
Bancroft,43.29274,-94.21802
Bankston,42.51861,-90.96124
Barnes City,41.50706,-92.46962
Barnum,42.50858,-94.36525
Bartlett,40.88500,-95.79500
Bassett,43.06303,-92.51546
Batavia,40.99418,-92.16740
Battle Creek,42.31554,-95.59861
Baxter,41.82610,-93.15159
Bayard,41.85193,-94.55831
Beacon,41.27695,-92.67964
Beaconsfield,40.80777,-94.05051
Beaman,42.21971,-92.82353
Beaver,42.03831,-94.14218
Beaverdale,40.84670,-91.20848
Bedford,40.66693,-94.72136
Belle Plaine,41.89694,-92.27824
Bellevue,42.25863,-90.42291
Belmond,42.84608,-93.61410
Bennett,41.74030,-90.97376
Bentley,41.37694,-95.62028
Benton,40.70332,-94.35829
Berkley,41.94498,-94.11468
Bernard,42.31223,-90.83180
Bertram,41.94973,-91.53545
Bettendorf,41.52448,-90.51569
Bevington,41.35995,-93.78424
Birmingham,40.87891,-91.94712
Blairsburg,42.47998,-93.64299
Blairstown,41.90944,-92.08435
Blakesburg,40.96223,-92.63408
Blanchard,40.57916,-95.22165
Blencoe,41.93027,-96.08085
Blockton,40.61555,-94.47718
Bloomfield,40.75169,-92.41491
Blue Grass,41.50958,-90.76488
Bode,42.86830,-94.28969
Bolan,43.37191,-93.11937
Bonaparte,40.69809,-91.80322
Bondurant,41.70054,-93.46216
Boone,42.05970,-93.88023
Bouton,41.85137,-94.00912
Boxholm,42.17581,-94.10607
Boyden,43.19109,-96.00585
Braddyville,40.57888,-95.02998
Bradford,42.63303,-93.24492
Bradgate,42.80303,-94.41803
Brandon,42.31444,-92.00212
Brayton,41.54443,-94.92415
Breda,42.18165,-94.97693
Bridgewater,41.24499,-94.66886
Brighton,41.17474,-91.81961
Bristow,42.77386,-92.90742
Britt,43.09774,-93.80189
Bronson,42.41083,-96.21391
Brooklyn,41.73361,-92.44546
Brunsville,42.80971,-96.26919
Buckeye,42.41720,-93.37493
Buck Grove,41.91804,-95.39611
Buffalo,41.45642,-90.72347
Buffalo Center,43.38579,-93.94662
Burchinal,43.06524,-93.27826
Burlington,40.80754,-91.11292
Burr Oak,43.45886,-91.86543
Burt,43.19746,-94.21969
Bussey,41.20445,-92.88270
Calamus,41.82586,-90.75820
California Junction,41.55860,-95.99473
Callender,42.36192,-94.29580
Calmar,43.18358,-91.86405
Calumet,42.94637,-95.55001
Camanche,41.78809,-90.25624
Cambridge,41.89832,-93.52910
Cantril,40.64420,-92.06990
Carbon,41.04999,-94.82331
Carlisle,41.51800,-93.48515
Carpenter,43.41496,-93.01492
Carroll,42.06582,-94.86693
Carson,41.23666,-95.41806
Carter Lake,41.29055,-95.91807
Cascade,42.30179,-91.00467
Casey,41.50746,-94.52127
Castalia,43.11192,-91.67626
Castana,42.07443,-95.90862
Cedar Falls,42.52776,-92.44547
Cedar Rapids,42.00833,-91.64407
Center Junction,42.11612,-91.08709
Center Point,42.19083,-91.78518
Centerville,40.73418,-92.87409
Central City,42.20388,-91.52406
Centralia,42.47222,-90.83707
Chapin,42.83358,-93.22215
Chariton,41.01389,-93.30660
Charles City,43.06636,-92.67241
Charlotte,41.96030,-90.46513
Charter Oak,42.06832,-95.59167
Chatsworth,42.91610,-96.51642
Chelsea,41.91916,-92.39463
Cherokee,42.74943,-95.55167
Chester,43.49108,-92.36045
Chillicothe,41.08557,-92.52936
Churdan,42.15193,-94.47442
Cincinnati,40.63085,-92.92465
Clare,42.58719,-94.34552
Clarence,41.88891,-91.05654
Clarinda,40.74194,-95.03831
Clarion,42.73164,-93.73299
Clarksville,42.78470,-92.66769
Clayton,42.90388,-91.14735
Clearfield,40.80065,-94.48307
Clear Lake,43.13802,-93.37937
Cleghorn,42.81221,-95.71279
Clemons,42.11388,-93.15604
Clermont,43.00359,-91.65237
Climbing Hill,42.34166,-96.07780
Clinton,41.84447,-90.18874
Clio,40.63501,-93.45133
Clive,41.61324,-93.79787
Clutier,42.07944,-92.40213
Coalville,42.44525,-94.12579
Coburg,40.91749,-95.26443
Coggon,42.28082,-91.53044
Coin,40.65444,-95.23026
Colesburg,42.63944,-91.20208
Colfax,41.67777,-93.24521
College Springs,40.61916,-95.12081
Collins,41.90277,-93.30632
Colo,42.01777,-93.31521
Columbus City,41.25864,-91.37432
Columbus Junction,41.28003,-91.36071
Colwell,43.15581,-92.59407
Conesville,41.38197,-91.34988
Conrad,42.22471,-92.87465
Conroy,41.72917,-91.99768
Conway,40.74860,-94.61886
Coon Rapids,41.87477,-94.67845
Coppock,41.16424,-91.71482
Coralville,41.67640,-91.58045
Corley,41.57860,-95.33028
Corning,40.98999,-94.74081
Correctionville,42.47499,-95.78557
Corwith,42.99274,-93.95745
Corydon,40.75695,-93.31882
Cotter,41.29197,-91.46155
Coulter,42.73720,-93.36993
Council Bluffs,41.26194,-95.86083
Craig,42.89582,-96.30975
Crawfordsville,41.21456,-91.53731
Crescent,41.36500,-95.85807
Cresco,43.38136,-92.11405
Creston,41.05860,-94.36135
Cromwell,41.03943,-94.46191
Crystal Lake,43.22329,-93.79244
Cumberland,41.27416,-94.87026
Cumming,41.48332,-93.76244
Curlew,42.97886,-94.74109
Cushing,42.46471,-95.67501
Cylinder,43.08886,-94.55303
Dakota City,42.72219,-94.19718
Dallas Center,41.68443,-93.96106
Dana,42.10748,-94.24080
Danbury,42.23416,-95.72223
Danville,40.86448,-91.31460
Davenport,41.52364,-90.57764
Davis City,40.63917,-93.81161
Dawson,41.84276,-94.22246
Dayton,42.26136,-94.06857
Decatur City,40.74194,-93.83383
Decorah,43.30331,-91.78571
Dedham,41.90610,-94.82221
Deep River,41.58028,-92.37491
Defiance,41.82415,-95.34278
Delaware,42.47527,-91.34542
Delhi,42.42971,-91.33098
Delmar,42.00225,-90.60708
Deloit,42.09777,-95.32250
Delphos,40.66360,-94.33940
Delta,41.32279,-92.33018
Denison,42.01777,-95.35528
Denmark,40.74171,-91.33737
Denver,42.67137,-92.33740
Derby,40.93167,-93.45632
Des Moines,41.57259,-93.61024
De Soto,41.53166,-94.00967
DeWitt,41.82278,-90.54278
De Witt,41.82336,-90.53819
Dexter,41.51832,-94.22635
Diagonal,40.80943,-94.34218
Diamondhead Lake,41.55209,-94.26222
Dickens,43.13136,-95.02360
Dike,42.46415,-92.62825
Dixon,41.74280,-90.78237
Dolliver,43.46440,-94.62526
Donahue,41.69475,-90.67542
Donnellson,40.64282,-91.56460
Doon,43.27942,-96.23280
Douds,40.83947,-92.08657
Dougherty,42.92219,-93.04214
Dow City,41.92888,-95.49389
Dows,42.66182,-93.50549
Drakesville,40.79835,-92.48158
Dubuque,42.50056,-90.66457
Dumont,42.75192,-92.97547
Duncan,43.10468,-93.71133
Duncombe,42.47053,-93.99356
Dundee,42.57915,-91.54654
Dunkerton,42.56999,-92.16046
Dunlap,41.85247,-95.60125
Durango,42.56028,-90.77568
Durant,41.60148,-90.91194
Dyersville,42.48149,-91.11660
Dysart,42.17166,-92.30630
Eagle Grove,42.66414,-93.90439
Earlham,41.49193,-94.12412
Earling,41.77554,-95.41750
Earlville,42.48166,-91.27236
Early,42.46137,-95.15194
East Amana,41.80917,-91.85101
East Peru,41.22694,-93.92634
Eddyville,41.15921,-92.62979
Edgewood,42.64423,-91.40169
Elberon,42.00611,-92.31685
Eldon,40.91863,-92.22296
Eldora,42.36082,-93.09965
Eldridge,41.65809,-90.58458
Elgin,42.95748,-91.63071
Elkader,42.85387,-91.40542
Elkhart,41.79165,-93.52216
Elk Horn,41.59166,-95.05999
Elkport,42.73971,-91.27791
Elk Run Heights,42.46693,-92.25657
Elliott,41.14916,-95.16388
Ellston,40.84027,-94.10856
Ellsworth,42.31276,-93.57882
Elma,43.24664,-92.43601
Ely,41.87362,-91.58518
Emerson,41.01722,-95.40222
Emmetsburg,43.11274,-94.68304
Epworth,42.44500,-90.93208
Essex,40.83361,-95.30832
Estherville,43.40163,-94.83276
Evansdale,42.46915,-92.28102
Everly,43.15997,-95.32750
Exira,41.59082,-94.87554
Exline,40.64918,-92.84048
Fairbank,42.64014,-92.04779
Fairfax,41.91945,-91.78101
Fairfield,41.00863,-91.96267
Farley,42.44278,-91.00625
Farmersburg,42.96110,-91.36791
Farmington,40.64031,-91.74294
Farnhamville,42.27648,-94.40771
Farragut,40.72194,-95.48082
Fayette,42.84193,-91.80211
Fenton,43.21969,-94.43053
Ferguson,41.93693,-92.86575
Fertile,43.26440,-93.41826
Floris,40.86502,-92.33296
Floyd,43.12775,-92.73630
Fonda,42.58137,-94.84610
Fontanelle,41.28971,-94.56164
Forest City,43.25697,-93.63641
Fort Atkinson,43.14331,-91.93266
Fort Dodge,42.49747,-94.16802
Fort Madison,40.62976,-91.31515
Fostoria,43.24219,-95.15555
Franklin,40.66809,-91.51127
Fraser,42.12720,-93.96495
Fredericksburg,42.96525,-92.19962
Frederika,42.88165,-92.30823
Fredonia,41.28475,-91.33877
Fremont,41.21251,-92.43546
Fruitland,41.35614,-91.12932
Frytown,41.57001,-91.73239
Galt,42.69358,-93.60549
Galva,42.50693,-95.41722
Garber,42.74193,-91.26208
Garden City,42.24554,-93.39549
Garden Grove,40.82722,-93.60716
Garnavillo,42.86860,-91.23596
Garner,43.10246,-93.60188
Garrison,42.14416,-92.14379
Garwin,42.09360,-92.67575
Geneva,42.67553,-93.12937
George,43.34386,-96.00224
Gibson,41.48112,-92.39352
Gilbert,42.10693,-93.64966
Gilbertville,42.41610,-92.21490
Gillett Grove,43.01580,-95.03749
Gilman,41.87888,-92.78936
Gilmore City,42.72690,-94.43691
Gladbrook,42.18776,-92.71520
Glenwood,41.04694,-95.74251
Glidden,42.05693,-94.72887
Goldfield,42.73580,-93.92078
Goodell,42.92302,-93.61632
Goose Lake,41.96753,-90.38291
Gowrie,42.28053,-94.29080
Graettinger,43.23774,-94.75137
Graf,42.49306,-90.87124
Grafton,43.32996,-93.06937
Grand Junction,42.03165,-94.24080
Grand Mound,41.82419,-90.64792
Grand River,40.81944,-93.96245
Grandview,41.27586,-91.18848
Granger,41.76197,-93.82477
Grant,41.14277,-94.98471
Granville,42.98554,-95.87363
Gravity,40.76054,-94.74358
Gray,41.83943,-94.98304
Greeley,42.58582,-91.34153
Greene,42.89676,-92.80393
Greenfield,41.30527,-94.46135
Green Mountain,42.10165,-92.82048
Greenville,43.01664,-95.14610
Grimes,41.67882,-93.80279
Grinnell,41.74305,-92.72241
Griswold,41.23499,-95.13749
Grundy Center,42.36165,-92.76853
Gruver,43.39329,-94.70526
Guernsey,41.64861,-92.34268
Guthrie Center,41.67721,-94.50330
Guttenberg,42.78582,-91.09957
Halbur,42.00693,-94.96999
Hamburg,40.60445,-95.65777
Hamilton,41.16917,-92.90326
Hampton,42.74192,-93.20242
Hancock,41.38999,-95.36250
Hanlontown,43.28023,-93.37882
Hansell,42.75775,-93.10409
Harcourt,42.26275,-94.17579
Hardy,42.81053,-94.05134
Harlan,41.65304,-95.32555
Harper,41.36251,-92.05101
Harpers Ferry,43.20054,-91.15319
Harris,43.44524,-95.43417
Hartford,41.45944,-93.40493
Hartley,43.17997,-95.47695
Hartwick,41.78472,-92.34352
Harvey,41.31583,-92.92409
Hastings,41.02278,-95.49917
Havelock,42.83608,-94.70054
Haverhill,41.94499,-92.96075
Hawarden,42.99582,-96.48531
Hawkeye,42.93859,-91.95017
Hayesville,41.26446,-92.24907
Hayfield,43.17663,-93.69522
Hazleton,42.62082,-91.90017
Hedrick,41.17251,-92.30879
Henderson,41.14055,-95.43111
Hepburn,40.84916,-95.01720
Hiawatha,42.03583,-91.68212
High Amana,41.80334,-91.93823
Hills,41.55419,-91.53489
Hillsboro,40.83670,-91.71572
Hinton,42.62777,-96.29169
Holiday Lake,41.82103,-92.44321
Holland,42.39887,-92.80048
Holstein,42.48915,-95.54500
Holy Cross,42.60055,-90.99569
Homestead,41.75945,-91.86712
Hopkinton,42.34389,-91.24848
Hornick,42.23055,-96.09752
Hospers,43.07193,-95.90446
Houghton,40.78364,-91.60294
Hubbard,42.30554,-93.30021
Hudson,42.40665,-92.45547
Hull,43.18859,-96.13363
Humboldt,42.72080,-94.21524
Humeston,40.85889,-93.49744
Hutchins,43.09163,-93.88106
Huxley,41.89527,-93.60077
Ida Grove,42.34499,-95.47167
Imogene,40.87944,-95.42694
Independence,42.46860,-91.88934
Indianola,41.35805,-93.55744
Inwood,43.30720,-96.43198
Ionia,43.03414,-92.45601
Iowa City,41.66113,-91.53017
Iowa Falls,42.52248,-93.25131
Ireton,42.97471,-96.31836
Irvington,43.00747,-94.19552
Irwin,41.79165,-95.20583
Jackson Junction,43.11497,-92.03239
Jacksonville,41.64527,-95.14999
Jamaica,41.84610,-94.30969
Janesville,42.64581,-92.46240
Jefferson,42.01526,-94.37747
Jesup,42.47447,-92.06590
Jewell Junction,42.31015,-93.63875
Johnston,41.67304,-93.69772
Joice,43.36273,-93.45382
Jolley,42.47887,-94.71887
Kalona,41.48307,-91.70600
Kamrar,42.39220,-93.72938
Kanawha,42.93774,-93.79327
Kellerton,40.71083,-94.04995
Kelley,41.95054,-93.66522
Kellogg,41.71805,-92.90742
Kensett,43.35357,-93.21048
Kent,40.95249,-94.45441
Keokuk,40.39727,-91.38487
Keomah Village,41.28834,-92.53658
Keosauqua,40.73031,-91.96239
Keota,41.36510,-91.95334
Keswick,41.45251,-92.23935
Keystone,41.99833,-92.19741
Kimballton,41.62860,-95.07305
Kingsley,42.58832,-95.96752
Kinross,41.46084,-91.98684
Kirkman,41.72860,-95.26527
Kirkville,41.14557,-92.50408
Kiron,42.19554,-95.32777
Klemme,43.00691,-93.60299
Knierim,42.45553,-94.45692
Knoxville,41.32083,-93.10937
Lacona,41.18972,-93.38299
Ladora,41.75472,-92.18352
Lake City,42.26748,-94.73387
Lake Mills,43.41940,-93.53327
Lake Panorama,41.71105,-94.39059
Lake Park,43.45552,-95.32083
Lakeside,42.62137,-95.17333
Lake View,42.30200,-95.03576
Lakota,43.37718,-94.09385
Lambs Grove,41.70305,-93.07937
Lamoni,40.62278,-93.93412
Lamont,42.59860,-91.64210
La Motte,42.29585,-90.62096
Lanesboro,42.18443,-94.69137
Lansing,43.36220,-91.21652
La Porte City,42.31499,-92.19213
Larchwood,43.45359,-96.43421
Larrabee,42.86081,-95.54528
Latimer,42.76331,-93.36826
Laurel,41.88416,-92.92214
Laurens,42.84664,-94.85193
Lawler,43.07053,-92.15017
Lawton,42.47860,-96.18391
Leando,40.83363,-92.08879
Le Claire,41.59864,-90.34346
Ledyard,43.42162,-94.16218
Le Grand,42.00625,-92.77506
Lehigh,42.35997,-94.05218
Leighton,41.33722,-92.78714
Leland,43.33718,-93.63522
Le Mars,42.79416,-96.16558
Lenox,40.88318,-94.55865
Leon,40.73972,-93.74772
Le Roy,40.87778,-93.59272
Lester,43.44470,-96.33309
Letts,41.32836,-91.23710
Lewis,41.30582,-95.08332
Libertyville,40.95752,-92.05129
Lidderdale,42.12443,-94.78304
Lime Springs,43.44886,-92.28073
Lincoln,42.26276,-92.69187
Linden,41.64443,-94.26913
Lineville,40.58140,-93.52383
Linn Grove,42.89164,-95.24666
Lisbon,41.92112,-91.38545
Liscomb,42.18999,-93.00381
Little Cedar,43.38025,-92.72574
Little Rock,43.44414,-95.88335
Little Sioux,41.80943,-96.02112
Livermore,42.86858,-94.18524
Lockridge,40.99475,-91.74822
Logan,41.64305,-95.78890
Lohrville,42.27026,-94.54859
Lone Rock,43.21857,-94.32691
Lone Tree,41.48808,-91.42599
Long Grove,41.69753,-90.58264
Lorimor,41.12832,-94.05328
Lost Nation,41.96391,-90.81764
Loveland,41.49722,-95.89001
Lovilia,41.13584,-92.90409
Lowden,41.85752,-90.92820
Low Moor,41.80170,-90.35485
Luana,43.06026,-91.45403
Lucas,41.02833,-93.45993
Luther,41.96776,-93.81884
Lu Verne,42.90923,-94.08363
Luxemburg,42.60277,-91.07402
Luzerne,41.89805,-92.17991
Lynnville,41.57750,-92.78353
Lytton,42.42330,-94.86050
Macedonia,41.19277,-95.42556
Macksburg,41.21471,-94.18523
Madrid,41.87665,-93.82328
Magnolia,41.69582,-95.87668
Maharishi Vedic City,41.05252,-91.99490
Malcom,41.70833,-92.55908
Mallard,42.93636,-94.68220
Maloy,40.67443,-94.41218
Malvern,41.00278,-95.58528
Manchester,42.48415,-91.45543
Manilla,41.88971,-95.23222
Manly,43.28718,-93.20215
Manning,41.90915,-95.06499
Manson,42.52914,-94.53414
Mapleton,42.16582,-95.79306
Maquoketa,42.06053,-90.66386
Marathon,42.86164,-94.98249
Marble Rock,42.96525,-92.86853
Marcus,42.82582,-95.80751
Marengo,41.79806,-92.07074
Marion,42.03417,-91.59768
Marne,41.45138,-95.11138
Marquette,43.04443,-91.17819
Marshalltown,42.04943,-92.90798
Martelle,42.02167,-91.35989
Martensdale,41.37305,-93.73578
Martinsburg,41.17890,-92.25185
Marysville,41.18056,-92.94909
Mason City,43.15357,-93.20104
Masonville,42.47943,-91.59127
Massena,41.25415,-94.76831
Matlock,43.24387,-95.93530
Maurice,42.96638,-96.18058
Maxwell,41.89193,-93.39965
Maynard,42.77387,-91.88239
Maysville,41.64864,-90.71681
McCallsburg,42.16637,-93.38576
McCausland,41.74614,-90.44319
McClelland,41.32944,-95.68390
McGregor,43.01832,-91.18263
McIntire,43.43580,-92.59379
Mechanicsville,41.90446,-91.25461
Mediapolis,41.00809,-91.16404
Melbourne,41.94138,-93.10326
Melcher-Dallas,41.22500,-93.24132
Melrose,40.97612,-93.05048
Melvin,43.28747,-95.60918
Menlo,41.51915,-94.40441
Meriden,42.79471,-95.63445
Merrill,42.71971,-96.24864
Meservey,42.91274,-93.47826
Meyer,43.45775,-92.69268
Middle Amana,41.79556,-91.89962
Middletown,40.82837,-91.25904
Miles,42.04836,-90.31569
Milford,43.32469,-95.15000
Miller,43.18412,-93.60021
Millersburg,41.57334,-92.15990
Millerton,40.84945,-93.30549
Milo,41.29166,-93.44243
Milton,40.67336,-92.16212
Minburn,41.75638,-94.02745
Minden,41.46694,-95.54278
Mineola,41.14305,-95.69556
Mingo,41.76749,-93.28354
Missouri Valley,41.55638,-95.88779
Mitchell,43.32191,-92.86770
Mitchellville,41.66812,-93.36394
Modale,41.61971,-96.01196
Mona,43.48719,-92.94130
Mondamin,41.71054,-96.02168
Monmouth,42.07696,-90.87986
Monona,43.05165,-91.38930
Monroe,41.52221,-93.10187
Montezuma,41.58583,-92.52741
Monticello,42.23834,-91.18709
Montour,41.98138,-92.71492
Montrose,40.53226,-91.41488
Moorhead,41.92249,-95.85140
Moorland,42.44164,-94.29497
Moravia,40.89172,-92.81998
Morley,42.00612,-91.24627
Morning Sun,41.09614,-91.25765
Morrison,42.34415,-92.67381
Moulton,40.68585,-92.67741
Mount Auburn,42.25499,-92.09268
Mount Ayr,40.71471,-94.23523
Mount Pleasant,40.96364,-91.55794
Mount Sterling,40.61781,-91.93212
Mount Union,41.05781,-91.39043
Mount Vernon,41.92195,-91.41684
Moville,42.48888,-96.07252
Murray,41.04166,-93.94939
Muscatine,41.42447,-91.04321
Mystic,40.77751,-92.94381
Nashua,42.95039,-92.54254
Nemaha,42.51581,-95.08832
Neola,41.44888,-95.61556
Nevada,42.02277,-93.45243
New Albin,43.49664,-91.28958
Newell,42.60553,-95.00277
Newhall,41.99556,-91.96768
New Hampton,43.05914,-92.31768
New Hartford,42.56693,-92.62214
New Haven,43.28442,-92.64213
New Liberty,41.71780,-90.87904
New London,40.92698,-91.39960
New Market,40.73110,-94.89970
New Providence,42.28110,-93.17159
New Sharon,41.47000,-92.65130
Newton,41.69971,-93.04798
New Vienna,42.54805,-91.11430
New Virginia,41.18222,-93.72883
Nichols,41.48114,-91.30766
Nodaway,40.93721,-94.89498
Nora Springs,43.14408,-93.00893
Northboro,40.60777,-95.29165
North Buena Vista,42.67972,-90.95652
North English,41.51640,-92.07763
North Liberty,41.74918,-91.59795
North Washington,43.11803,-92.41685
Northwood,43.44412,-93.22104
Norwalk,41.49168,-93.70212
Norway,41.90278,-91.92157
Numa,40.68807,-92.97798
Oakland,41.30916,-95.39667
Oakland Acres,41.71722,-92.82047
Oakville,41.09976,-91.04459
Ocheyedan,43.41608,-95.53473
Odebolt,42.31221,-95.25055
Oelwein,42.67332,-91.91350
Ogden,42.03915,-94.02773
Okoboji,43.38635,-95.14833
Olds,41.13419,-91.54488
Olin,41.99807,-91.14155
Ollie,41.19807,-92.09240
Onawa,42.02665,-96.09724
Onslow,42.10696,-91.01515
Orange City,43.00721,-96.05835
Orchard,43.22747,-92.77214
Orient,41.20304,-94.41468
Orleans,43.44718,-95.09249
Osage,43.28414,-92.81103
Osceola,41.03389,-93.76550
Oskaloosa,41.29640,-92.64436
Ossian,43.14636,-91.76460
Osterdock,42.73360,-91.15791
Otho,42.42469,-94.15024
Oto,42.28388,-95.89307
Otranto,43.45830,-92.98575
Ottosen,42.89497,-94.37997
Ottumwa,41.02001,-92.41130
Owasa,42.43359,-93.20715
Oxford,41.72334,-91.79045
Oxford Junction,41.98363,-90.95626
Oyens,42.82027,-96.05780
Pacific Junction,41.01861,-95.79917
Packwood,41.13279,-92.08268
Palmer,42.63053,-94.60053
Palo,42.06611,-91.79546
Panama,41.72638,-95.47222
Panora,41.69165,-94.36302
Panorama Park,41.55559,-90.45319
Parkersburg,42.57748,-92.78686
Park View,41.69420,-90.54569
Parnell,41.58306,-92.00407
Paton,42.16442,-94.25524
Patterson,41.34832,-93.88050
Paullina,42.97915,-95.68807
Pella,41.40514,-92.91775
Peosta,42.45056,-90.85041
Percival,40.74889,-95.81361
Perry,41.83860,-94.10718
Persia,41.57999,-95.56806
Peterson,42.91803,-95.34389
Pierson,42.54416,-95.86751
Pilot Mound,42.16442,-94.01662
Pioneer,42.65386,-94.39247
Pisgah,41.83138,-95.92557
Plainfield,42.84748,-92.53713
Plano,40.75556,-93.04659
Pleasant Hill,41.58388,-93.51994
Pleasanton,40.58056,-93.74383
Pleasant Plain,41.14724,-91.85906
Pleasantville,41.38583,-93.26937
Plover,42.87830,-94.62053
Plymouth,43.24580,-93.12298
Pocahontas,42.73553,-94.66915
Polk City,41.77138,-93.71300
Pomeroy,42.55109,-94.68387
Popejoy,42.59387,-93.42604
Portland,43.12858,-93.12354
Portsmouth,41.65027,-95.51861
Postville,43.08395,-91.56821
Prairieburg,42.23833,-91.42238
Prairie City,41.59943,-93.23521
Prescott,41.02304,-94.61358
Preston,42.05030,-90.41402
Primghar,43.08692,-95.62723
Princeton,41.67475,-90.34041
Promise City,40.74751,-93.14715
Protivin,43.21643,-92.08914
Pulaski,40.69697,-92.27324
Quasqueton,42.39443,-91.76100
Quimby,42.63026,-95.64195
Radcliffe,42.31526,-93.43438
Rake,43.48384,-93.91884
Ralston,42.04177,-94.62930
Randalia,42.86304,-91.88572
Randall,42.23832,-93.60077
Randolph,40.87305,-95.56639
Rathbun,40.80112,-92.88881
Raymond,42.46888,-92.21963
Readlyn,42.70221,-92.22546
Reasnor,41.57833,-93.02325
Redding,40.60471,-94.38774
Redfield,41.58943,-94.19607
Red Oak,41.00972,-95.22555
Reinbeck,42.32360,-92.59936
Rembrandt,42.82553,-95.16638
Remsen,42.81471,-95.97335
Renwick,42.82803,-93.98106
Rhodes,41.92554,-93.18631
Riceville,43.36248,-92.55331
Richland,41.18557,-91.99295
Rickardsville,42.58333,-90.88402
Ricketts,42.12693,-95.57500
Ridgeway,43.29775,-91.98766
Rinard,42.33970,-94.48858
Ringsted,43.29468,-94.51164
Rippey,41.93387,-94.20135
Riverdale,41.54448,-90.45819
Riverside,41.47974,-91.58128
River Sioux,41.80582,-96.04640
Riverton,40.68695,-95.56860
Robins,42.07111,-91.66684
Rochester,41.67391,-91.15849
Rock Falls,43.20747,-93.08465
Rockford,43.05219,-92.94853
Rock Rapids,43.42719,-96.17586
Rock Valley,43.20526,-96.29503
Rockwell,42.98524,-93.19187
Rockwell City,42.39526,-94.63387
Rodman,43.02858,-94.53109
Rodney,42.20555,-95.95251
Roland,42.16637,-93.50188
Rolfe,42.81275,-94.52692
Rome,40.98141,-91.68239
Rose Hill,41.32195,-92.46213
Roseville,43.00914,-92.80992
Rossie,43.01331,-95.18861
Rowan,42.74081,-93.55271
Rowley,42.36999,-91.84406
Royal,43.06553,-95.28389
Rudd,43.12608,-92.90575
Runnells,41.51110,-93.35743
Russell,40.98195,-93.19854
Ruthven,43.12913,-94.89915
Rutland,42.75914,-94.29774
Ryan,42.35138,-91.48155
Sabula,42.07113,-90.17402
Sac City,42.42220,-94.98971
Sageville,42.55278,-90.70902
Salem,40.85281,-91.62016
Salix,42.30833,-96.28780
Sanborn,43.18164,-95.65557
Sandyville,41.37083,-93.38632
Saylorville,41.67860,-93.62966
Scarville,43.47051,-93.61772
Schaller,42.49970,-95.29305
Schleswig,42.16527,-95.43694
Scranton,42.02248,-94.54525
Searsboro,41.58055,-92.70352
Sergeant Bluff,42.40388,-96.35864
Sexton,43.08274,-94.08912
Seymour,40.68251,-93.12104
Shambaugh,40.65888,-95.03192
Shannon City,40.89875,-94.26365
Sharpsburg,40.80249,-94.64247
Sheffield,42.89330,-93.21520
Shelby,41.50667,-95.45056
Sheldahl,41.86427,-93.69664
Sheldon,43.17960,-95.84411
Shell Rock,42.71026,-92.58297
Shellsburg,42.09444,-91.86935
Shenandoah,40.75830,-95.37206
Sherrill,42.60389,-90.78457
Shueyville,41.85056,-91.64656
Sibley,43.39914,-95.75196
Sidney,40.74833,-95.64750
Sigourney,41.33334,-92.20463
Silver City,41.11333,-95.63723
Sioux Center,43.07971,-96.17558
Sioux City,42.49567,-96.39053
Sioux Rapids,42.89331,-95.15111
Slater,41.87776,-93.67855
Sloan,42.23277,-96.22808
Smithland,42.22916,-95.93084
Soldier,41.98527,-95.77945
Solon,41.80723,-91.49406
Somers,42.37831,-94.42997
South Amana,41.77612,-91.96740
South English,41.45223,-92.09046
Spencer,43.14136,-95.14444
Spillville,43.20497,-91.95100
Spirit Lake,43.42218,-95.10222
Spragueville,42.07252,-90.43513
Springbrook,42.16419,-90.47652
Spring Hill,41.41138,-93.64494
Springville,42.05945,-91.44267
Stacyville,43.43608,-92.78241
Stanhope,42.28887,-93.79606
Stanley,42.64196,-91.81189
St. Ansgar,43.37830,-92.91881
St. Anthony,42.12221,-93.19493
Stanton,40.98166,-95.10415
Stanwood,41.89307,-91.15071
State Center,42.01665,-93.16354
St. Benedict,43.03802,-94.06440
St. Charles,41.28833,-93.80939
St. Donatus,42.36084,-90.53930
Steamboat Rock,42.40943,-93.06576
St. Joseph,42.91330,-94.22719
St. Lucas,43.06636,-91.93350
St. Marys,41.30805,-93.72966
Stockport,40.85753,-91.83517
Stockton,41.59142,-90.85876
St. Olaf,42.92860,-91.38625
Stone City,42.11389,-91.34933
Storm Lake,42.64109,-95.20972
Story City,42.18721,-93.59577
Stout,42.52637,-92.71186
St. Paul,40.76948,-91.51710
Stratford,42.26912,-93.92724
Strawberry Point,42.68360,-91.53403
Struble,42.89527,-96.19530
Stuart,41.50027,-94.31868
Sully,41.57833,-92.84492
Sumner,42.84937,-92.09715
Sun Valley Lake,40.84911,-94.06813
Superior,43.43024,-94.94638
Sutherland,42.97414,-95.49751
Swaledale,42.97858,-93.31687
Swan,41.46527,-93.31132
Swea City,43.38440,-94.31497
Swisher,41.84556,-91.69295
Tabor,40.89494,-95.67371
Tama,41.96666,-92.57686
Templeton,41.91832,-94.94277
Tennant,41.59360,-95.44111
Terril,43.30579,-94.97166
Thayer,41.02805,-94.05078
Thompson,43.37134,-93.77356
Thor,42.68803,-94.04940
Thornburg,41.45473,-92.33574
Thornton,42.94469,-93.38465
Thurman,40.82000,-95.74778
Tiffin,41.70585,-91.66295
Tingley,40.85277,-94.19523
Tipton,41.76974,-91.12794
Titonka,43.23691,-94.04134
Toeterville,43.44219,-92.89047
Toledo,41.99555,-92.57686
Toronto,41.90502,-90.86403
Traer,42.19360,-92.46547
Treynor,41.23250,-95.61306
Tripoli,42.80804,-92.25823
Truesdale,42.72915,-95.18277
Truro,41.20972,-93.84661
Turin,42.01943,-95.96640
Twin Lakes,42.48470,-94.63589
Udell,40.78085,-92.74214
Underwood,41.38694,-95.67667
Union,42.24554,-93.06465
Unionville,40.81835,-92.69547
University Heights,41.65502,-91.55684
University Park,41.28695,-92.61853
Urbana,42.22416,-91.87434
Urbandale,41.63679,-93.77983
Ute,42.05027,-95.70639
Vail,42.06193,-95.19999
Valeria,41.72999,-93.32521
Van Horne,42.00861,-92.09102
Van Meter,41.53193,-93.95412
Van Wert,40.86972,-93.79300
Varina,42.65803,-94.89776
Ventura,43.12635,-93.47771
Victor,41.73074,-92.29474
Villisca,40.92971,-94.97609
Vincent,42.59191,-94.02023
Vining,41.98999,-92.37991
Vinton,42.16861,-92.02351
Volga,42.80471,-91.54098
Wadena,42.84276,-91.65682
Wahpeton,43.36608,-95.17194
Walcott,41.58732,-90.78052
Walford,41.87966,-91.83052
Walker,42.28666,-91.78073
Wallingford,43.31968,-94.79276
Wall Lake,42.27110,-95.09305
Walnut,41.47749,-95.22194
Wapello,41.18142,-91.18543
Washburn,42.41166,-92.26741
Washington,41.29918,-91.69294
Washta,42.57554,-95.71751
Waterloo,42.49276,-92.34296
Waterville,43.20776,-91.29763
Watkins,41.89111,-91.98629
Waucoma,43.05609,-92.03323
Waukee,41.61166,-93.88523
Waukon,43.26942,-91.47570
Waverly,42.72581,-92.47546
Wayland,41.14724,-91.66072
Webb,42.94858,-95.01193
Webster,41.43834,-92.16907
Webster City,42.46942,-93.81605
Weldon,40.89750,-93.73494
Wellman,41.46418,-91.83823
Wellsburg,42.45915,-92.93853
Welton,41.90808,-90.59541
Wesley,43.08830,-93.99023
West Amana,41.80806,-91.96379
West Bend,42.95994,-94.44568
West Branch,41.66276,-91.34064
West Burlington,40.82504,-91.15654
West Chester,41.33890,-91.81767
West Des Moines,41.54994,-93.78135
Westfield,42.75555,-96.60587
Westgate,42.76998,-91.99628
West Liberty,41.57002,-91.26377
West Okoboji,43.35330,-95.16250
Weston,41.34083,-95.74112
Westphalia,41.71971,-95.39472
West Point,40.71670,-91.45015
Westside,42.05915,-95.09805
West Union,42.96276,-91.80822
Westwood,40.96558,-91.62377
What Cheer,41.40140,-92.35463
Wheatland,41.83169,-90.83820
Whiting,42.12749,-96.14946
Whittemore,43.06191,-94.42692
Whitten,42.26082,-93.00548
Willey,41.97915,-94.82221
Williams,42.48831,-93.54493
Williamsburg,41.66112,-92.00907
Williamson,41.08778,-93.25493
Wilton,41.58911,-91.02548
Windsor Heights,41.59777,-93.70828
Winfield,41.12308,-91.44127
Winterset,41.33082,-94.01384
Winthrop,42.47332,-91.73433
Wiota,41.40027,-94.88693
Woden,43.23302,-93.90912
Woodbine,41.73832,-95.70278
Woodburn,41.01194,-93.59910
Woodward,41.85280,-93.92077
Woolstock,42.56664,-93.84383
Worthington,42.39639,-91.11986
Wyoming,42.05918,-91.00737
Yale,41.77665,-94.35802
Yetter,42.31609,-94.84610
Yorktown,40.73333,-95.15693
Zearing,42.16110,-93.29715
Zwingle,42.29717,-90.68745
